"","Ano","Susceptible","Cases","prevalecia"
"1",2013,65226,3515,0.0538895532456382
"2",2014,267366,24180,0.0904378267992191
"3",2015,89834,3516,0.0391388561123851
"4",2016,328581,12507,0.0380636737973285
"5",2017,190312,11935,0.062712808440876
"6",2018,604316,360580,0.596674587467484
"7",2019,542123,149244,0.27529545877965
"8",2020,953592,281633,0.295339096804503
"9",2021,1024010,573020,0.559584379058798
"10",2022,387577,162340,0.418858704205874
"11",2023,792713,174259,0.219826090905536
