"mean_prob","sd_prob","min","max"
0.126330647168763,0.0381438221876547,0.044129370231181,0.201383694839192
