"mean_prob","sd_prob","min","max"
0.125900937001594,0.0386729238450793,0.044129370231181,0.201383694839192
