"mean_tons_per_pig","sd_tons_per_pig","min","max"
0.085815232752133,0.0153612167155954,0.044464461185719,0.124843018380391
