"mean_tons_per_pig","sd_tons_per_pig","min","max"
0.0855381979715269,0.0155128965983653,0.044464461185719,0.124843018380391
