"Países","pr_mean","pr_025","pr_975"
"All",0.0230131875,0.0008102855064,0.085360495
